Workbook

Sheet Сравнение
A1: Фаза 1 – сравнение TOPSIS и МАИ
A2: Лидер двух методов | C2: =IF(AND(D6=1,F6=1),B6,"Проверьте места концепций") -> Система автоматизации внутренних заявок и сервисных запросов
A4: Концепция | B4: Название | C4: CC TOPSIS | D4: Место TOPSIS | E4: Приоритет МАИ | F4: Место МАИ | G4: Разница мест: TOPSIS − МАИ | H4: Сравнение мест
A5: ='Исходные итоги'!A5 -> A1 | B5: ='Исходные итоги'!B5 -> Корпоративный ассистент продуктивности и благополучия | C5: ='Исходные итоги'!C5 -> 0.34461491 | D5: =1+COUNTIF($C$5:$C$8,">"&C5) -> 4 | E5: ='Исходные итоги'!C12 -> 0.17550954 | F5: =1+COUNTIF($E$5:$E$8,">"&E5) -> 3 | G5: =D5-F5 -> 1 | H5: =IF(G5=0,"Совпадают","Различаются") -> Различаются
A6: ='Исходные итоги'!A6 -> A2 | B6: ='Исходные итоги'!B6 -> Система автоматизации внутренних заявок и сервисных запросов | C6: ='Исходные итоги'!C6 -> 0.67141953 | D6: =1+COUNTIF($C$5:$C$8,">"&C6) -> 1 | E6: ='Исходные итоги'!C13 -> 0.44093762 | F6: =1+COUNTIF($E$5:$E$8,">"&E6) -> 1 | G6: =D6-F6 -> 0 | H6: =IF(G6=0,"Совпадают","Различаются") -> Совпадают
A7: ='Исходные итоги'!A7 -> A3 | B7: ='Исходные итоги'!B7 -> Корпоративный портал обучения и адаптации сотрудников | C7: ='Исходные итоги'!C7 -> 0.40975765 | D7: =1+COUNTIF($C$5:$C$8,">"&C7) -> 2 | E7: ='Исходные итоги'!C14 -> 0.22638832 | F7: =1+COUNTIF($E$5:$E$8,">"&E7) -> 2 | G7: =D7-F7 -> 0 | H7: =IF(G7=0,"Совпадают","Различаются") -> Совпадают
A8: ='Исходные итоги'!A8 -> A4 | B8: ='Исходные итоги'!B8 -> Система оптимизации графика смен и загрузки персонала | C8: ='Исходные итоги'!C8 -> 0.37395216 | D8: =1+COUNTIF($C$5:$C$8,">"&C8) -> 3 | E8: ='Исходные итоги'!C15 -> 0.15716452 | F8: =1+COUNTIF($E$5:$E$8,">"&E8) -> 4 | G8: =D8-F8 -> -1 | H8: =IF(G8=0,"Совпадают","Различаются") -> Различаются
A10: Численные оценки двух методов имеют разный смысл: CC TOPSIS – коэффициент близости, приоритет МАИ – нормированная доля предпочтительности. Для сравнения используются места концепций. Общий балл и среднее двух оценок не рассчитываются.
A13: Согласованность МАИ
A14: Матрица | B14: Недикова: CR | C14: Символокова: CR | D14: Бредихин: CR | E14: Коллективный CR | F14: Проверка CR ≤ 0,10
A15: ='Исходные итоги'!A19 -> Критерии | B15: ='Исходные итоги'!B19 -> 0.074508291 | C15: ='Исходные итоги'!C19 -> 0.0070400613 | D15: ='Исходные итоги'!D19 -> 0.11365527 | E15: ='Исходные итоги'!E19 -> 0.024787163 | F15: =IF(MAX(B15:E15)<=0.1,"В пределах порога","Есть превышение") -> Есть превышение
A16: ='Исходные итоги'!A20 -> C1 | B16: ='Исходные итоги'!B20 -> 0.042474731 | C16: ='Исходные итоги'!C20 -> 0 | D16: ='Исходные итоги'!D20 -> 0.16393731 | E16: ='Исходные итоги'!E20 -> 0.034570184 | F16: =IF(MAX(B16:E16)<=0.1,"В пределах порога","Есть превышение") -> Есть превышение
A17: ='Исходные итоги'!A21 -> C2 | B17: ='Исходные итоги'!B21 -> 0.056762951 | C17: ='Исходные итоги'!C21 -> 0.021071899 | D17: ='Исходные итоги'!D21 -> 0.12404055 | E17: ='Исходные итоги'!E21 -> 0.010030906 | F17: =IF(MAX(B17:E17)<=0.1,"В пределах порога","Есть превышение") -> Есть превышение
A18: ='Исходные итоги'!A22 -> C3 | B18: ='Исходные итоги'!B22 -> 0.042474731 | C18: ='Исходные итоги'!C22 -> 0 | D18: ='Исходные итоги'!D22 -> 0.35076578 | E18: ='Исходные итоги'!E22 -> 0.047645227 | F18: =IF(MAX(B18:E18)<=0.1,"В пределах порога","Есть превышение") -> Есть превышение
A19: ='Исходные итоги'!A23 -> C4 | B19: ='Исходные итоги'!B23 -> 0.056762951 | C19: ='Исходные итоги'!C23 -> 0.076621634 | D19: ='Исходные итоги'!D23 -> 0.079779631 | E19: ='Исходные итоги'!E23 -> 0.0083293301 | F19: =IF(MAX(B19:E19)<=0.1,"В пределах порога","Есть превышение") -> В пределах порога
A20: ='Исходные итоги'!A24 -> C5 | B20: ='Исходные итоги'!B24 -> 0.017392322 | C20: ='Исходные итоги'!C24 -> 0.016067186 | D20: ='Исходные итоги'!D24 -> 0.062111579 | E20: ='Исходные итоги'!E24 -> 0.0025762619 | F20: =IF(MAX(B20:E20)<=0.1,"В пределах порога","Есть превышение") -> В пределах порога
A21: ='Исходные итоги'!A25 -> C6 | B21: ='Исходные итоги'!B25 -> 0.15224282 | C21: ='Исходные итоги'!C25 -> 0.016067186 | D21: ='Исходные итоги'!D25 -> 0.10254211 | E21: ='Исходные итоги'!E25 -> 0.041404146 | F21: =IF(MAX(B21:E21)<=0.1,"В пределах порога","Есть превышение") -> Есть превышение
A23: Оба метода выделили А2 как лидера и А3 как вторую концепцию. TOPSIS поставил А4 выше А1, а МАИ – А1 выше А4. Коллективные CR ниже 0,10, но индивидуальные сравнения требуют проверки: у Бредихина – критерии, C1, C2, C3 и C6; у Недиковой – C6. После пересмотра этих сравнений следует обновить расчёт МАИ и сводную таблицу.

Sheet Исходные итоги
A1: Исходные результаты двух методов
A4: Код | B4: Название | C4: CC TOPSIS | D4: Место TOPSIS
A5: A1 | B5: Корпоративный ассистент продуктивности и благополучия | C5: 0.34461491 | D5: 4
A6: A2 | B6: Система автоматизации внутренних заявок и сервисных запросов | C6: 0.67141953 | D6: 1
A7: A3 | B7: Корпоративный портал обучения и адаптации сотрудников | C7: 0.40975765 | D7: 2
A8: A4 | B8: Система оптимизации графика смен и загрузки персонала | C8: 0.37395216 | D8: 3
A11: Код | B11: Название | C11: Приоритет МАИ | D11: Место МАИ
A12: A1 | B12: Корпоративный ассистент продуктивности и благополучия | C12: 0.17550954 | D12: 3
A13: A2 | B13: Система автоматизации внутренних заявок и сервисных запросов | C13: 0.44093762 | D13: 1
A14: A3 | B14: Корпоративный портал обучения и адаптации сотрудников | C14: 0.22638832 | D14: 2
A15: A4 | B15: Система оптимизации графика смен и загрузки персонала | C15: 0.15716452 | D15: 4
A18: Матрица | B18: Недикова: CR | C18: Символокова: CR | D18: Бредихин: CR | E18: Коллективный CR
A19: Критерии | B19: 0.074508291 | C19: 0.0070400613 | D19: 0.11365527 | E19: 0.024787163
A20: C1 | B20: 0.042474731 | C20: 0 | D20: 0.16393731 | E20: 0.034570184
A21: C2 | B21: 0.056762951 | C21: 0.021071899 | D21: 0.12404055 | E21: 0.010030906
A22: C3 | B22: 0.042474731 | C22: 0 | D22: 0.35076578 | E22: 0.047645227
A23: C4 | B23: 0.056762951 | C23: 0.076621634 | D23: 0.079779631 | E23: 0.0083293301
A24: C5 | B24: 0.017392322 | C24: 0.016067186 | D24: 0.062111579 | E24: 0.0025762619
A25: C6 | B25: 0.15224282 | C25: 0.016067186 | D25: 0.10254211 | E25: 0.041404146
