Workbook

Sheet Итоги
A1: Фаза 1 — результаты коллективного TOPSIS
A2: Лидер TOPSIS | C2: =IFERROR(INDEX(C5:C8,MATCH(MAX(F5:F8),F5:F8,0)),"Проверьте исходные оценки") -> Внутренние заявки и сервисные запросы
A4: Место | B4: Концепция | C4: Название | D4: D + | E4: D − | F4: CC
A5: =Расчёт!E41 -> 4 | B5: =Расчёт!A41 -> A1 | C5: =Расчёт!F41 -> Ассистент продуктивности и благополучия | D5: =Расчёт!B41 -> 2.3661643 | E5: =Расчёт!C41 -> 1.2441777 | F5: =Расчёт!D41 -> 0.34461491
A6: =Расчёт!E42 -> 1 | B6: =Расчёт!A42 -> A2 | C6: =Расчёт!F42 -> Внутренние заявки и сервисные запросы | D6: =Расчёт!B42 -> 1.2047184 | E6: =Расчёт!C42 -> 2.4617148 | F6: =Расчёт!D42 -> 0.67141953
A7: =Расчёт!E43 -> 2 | B7: =Расчёт!A43 -> A3 | C7: =Расчёт!F43 -> Обучение и адаптация сотрудников | D7: =Расчёт!B43 -> 2.0929376 | E7: =Расчёт!C43 -> 1.4529577 | F7: =Расчёт!D43 -> 0.40975765
A8: =Расчёт!E44 -> 3 | B8: =Расчёт!A44 -> A4 | C8: =Расчёт!F44 -> Графики смен и загрузка персонала | D8: =Расчёт!B44 -> 2.2636478 | E8: =Расчёт!C44 -> 1.3521267 | F8: =Расчёт!D44 -> 0.37395216
A11: Для выбора концепции проекта использован нечёткий коллективный TOPSIS. Три участника команды независимо оценили важность шести критериев и четыре концепции по каждому критерию. Оценки выставлялись по выбранной шкале от 1 до 9. Исходные ответы представлены на листе «Ответы». Для каждого показателя три экспертные оценки упорядочены от меньшей к большей. Получены тройки (l, m, u), где l – минимальная оценка, m – медиана, u – максимальная оценка. Для критериев C1–C4 эти значения рассматриваются как пессимистичная, ожидаемая и оптимистичная оценки. Для критериев затрат C5–C6 меньшие значения соответствуют оптимистичной оценке, а большие – пессимистичной. Оценки важности критериев также объединены в тройки. Для приведения к диапазону от 0 до 1 каждая компонента разделена на 9 – верхнюю границу шкалы. Полученные значения используются как веса критериев. В этом варианте расчёта веса не являются процентными долями и не требуют, чтобы их сумма равнялась единице. Далее выполнена нормализация оценок концепций. Для критериев C1–C4, по которым большее значение предпочтительнее, каждая компонента тройки разделена на максимальную верхнюю оценку соответствующего критерия среди четырёх концепций. Для критериев C5–C6, по которым предпочтительны меньшие затраты, использовано обратное преобразование: (L/u, L/m, L/l), где L – минимальная фактически полученная оценка данного критерия. После нормализации более высокое значение по любому критерию означает более предпочтительный результат. Нормализованные оценки концепций покомпонентно умножены на веса соответствующих критериев. Полученные взвешенные тройки учитывают как оценки концепций, так и важность критериев для выбора проекта. Для каждого критерия определены идеальное и антиидеальное значения. Максимальная верхняя компонента взвешенных оценок обозначена p и использована для построения идеальной тройки (p, p, p). Минимальная нижняя компонента обозначена n и использована для построения антиидеальной тройки (n, n, n). Затем рассчитаны расстояния от каждой взвешенной тройки до идеала и антиидеала. Расстояние между двумя тройками x и y определяется по формуле: d(x, y) = √(((x_l − y_l)² + (x_m − y_m)² + (x_u − y_u)²) / 3). Расстояния до идеала по шести критериям суммированы в показатель D+, а расстояния до антиидеала – в показатель D−. Итоговый коэффициент близости рассчитан по формуле CC = D− / (D+ + D−). Концепции ранжированы по убыванию CC: чем выше коэффициент, тем предпочтительнее концепция. По результатам расчёта первое место заняла А2, второе – А3, третье – А4, четвёртое – А1. Промежуточные вычисления и итоговые показатели представлены на листе «Расчёт». Лист «Итоги» содержит ссылки на рассчитанные результаты. Все вычисления выполняются с полной точностью, а отображаемые значения округлены до четырёх знаков после запятой.

Sheet Расчёт
A1: Нечёткий коллективный TOPSIS
A2: Верхняя граница шкалы | C2: 9
A4: Критерий | B4: Направление | C4: Вес l | D4: Вес m | E4: Вес u | F4: w l / 9 | G4: w m / 9 | H4: w u / 9 | I4: Нормировщик | J4: Идеал + | K4: Антиидеал − | L4: Содержание
A5: C1 | B5: max | C5: =IFERROR(IF(AND(COUNT(Ответы!D4:F4)=3,MIN(Ответы!D4:F4)>=1,MAX(Ответы!D4:F4)<=9,MOD(Ответы!D4,1)=0,MOD(Ответы!E4,1)=0,MOD(Ответы!F4,1)=0),MIN(Ответы!D4:F4),NA()),NA()) -> 8 | D5: =IFERROR(IF(AND(COUNT(Ответы!D4:F4)=3,MIN(Ответы!D4:F4)>=1,MAX(Ответы!D4:F4)<=9,MOD(Ответы!D4,1)=0,MOD(Ответы!E4,1)=0,MOD(Ответы!F4,1)=0),MEDIAN(Ответы!D4:F4),NA()),NA()) -> 9 | E5: =IFERROR(IF(AND(COUNT(Ответы!D4:F4)=3,MIN(Ответы!D4:F4)>=1,MAX(Ответы!D4:F4)<=9,MOD(Ответы!D4,1)=0,MOD(Ответы!E4,1)=0,MOD(Ответы!F4,1)=0),MAX(Ответы!D4:F4),NA()),NA()) -> 9 | F5: =C5/$C$2 -> 0.88888889 | G5: =D5/$C$2 -> 1 | H5: =E5/$C$2 -> 1 | I5: =MAX(F14,F20,F26,F32) -> 9 | J5: =MAX(L14,L20,L26,L32) -> 1 | K5: =MIN(J14,J20,J26,J32) -> 0.49382716 | L5: Актуальность проблемы
A6: C2 | B6: max | C6: =IFERROR(IF(AND(COUNT(Ответы!D5:F5)=3,MIN(Ответы!D5:F5)>=1,MAX(Ответы!D5:F5)<=9,MOD(Ответы!D5,1)=0,MOD(Ответы!E5,1)=0,MOD(Ответы!F5,1)=0),MIN(Ответы!D5:F5),NA()),NA()) -> 8 | D6: =IFERROR(IF(AND(COUNT(Ответы!D5:F5)=3,MIN(Ответы!D5:F5)>=1,MAX(Ответы!D5:F5)<=9,MOD(Ответы!D5,1)=0,MOD(Ответы!E5,1)=0,MOD(Ответы!F5,1)=0),MEDIAN(Ответы!D5:F5),NA()),NA()) -> 8 | E6: =IFERROR(IF(AND(COUNT(Ответы!D5:F5)=3,MIN(Ответы!D5:F5)>=1,MAX(Ответы!D5:F5)<=9,MOD(Ответы!D5,1)=0,MOD(Ответы!E5,1)=0,MOD(Ответы!F5,1)=0),MAX(Ответы!D5:F5),NA()),NA()) -> 9 | F6: =C6/$C$2 -> 0.88888889 | G6: =D6/$C$2 -> 0.88888889 | H6: =E6/$C$2 -> 1 | I6: =MAX(F15,F21,F27,F33) -> 9 | J6: =MAX(L15,L21,L27,L33) -> 1 | K6: =MIN(J15,J21,J27,J33) -> 0.49382716 | L6: Продуктивность труда
A7: C3 | B7: max | C7: =IFERROR(IF(AND(COUNT(Ответы!D6:F6)=3,MIN(Ответы!D6:F6)>=1,MAX(Ответы!D6:F6)<=9,MOD(Ответы!D6,1)=0,MOD(Ответы!E6,1)=0,MOD(Ответы!F6,1)=0),MIN(Ответы!D6:F6),NA()),NA()) -> 6 | D7: =IFERROR(IF(AND(COUNT(Ответы!D6:F6)=3,MIN(Ответы!D6:F6)>=1,MAX(Ответы!D6:F6)<=9,MOD(Ответы!D6,1)=0,MOD(Ответы!E6,1)=0,MOD(Ответы!F6,1)=0),MEDIAN(Ответы!D6:F6),NA()),NA()) -> 6 | E7: =IFERROR(IF(AND(COUNT(Ответы!D6:F6)=3,MIN(Ответы!D6:F6)>=1,MAX(Ответы!D6:F6)<=9,MOD(Ответы!D6,1)=0,MOD(Ответы!E6,1)=0,MOD(Ответы!F6,1)=0),MAX(Ответы!D6:F6),NA()),NA()) -> 7 | F7: =C7/$C$2 -> 0.66666667 | G7: =D7/$C$2 -> 0.66666667 | H7: =E7/$C$2 -> 0.77777778 | I7: =MAX(F16,F22,F28,F34) -> 9 | J7: =MAX(L16,L22,L28,L34) -> 0.77777778 | K7: =MIN(J16,J22,J28,J34) -> 0.44444444 | L7: Качество условий труда
A8: C4 | B8: max | C8: =IFERROR(IF(AND(COUNT(Ответы!D7:F7)=3,MIN(Ответы!D7:F7)>=1,MAX(Ответы!D7:F7)<=9,MOD(Ответы!D7,1)=0,MOD(Ответы!E7,1)=0,MOD(Ответы!F7,1)=0),MIN(Ответы!D7:F7),NA()),NA()) -> 8 | D8: =IFERROR(IF(AND(COUNT(Ответы!D7:F7)=3,MIN(Ответы!D7:F7)>=1,MAX(Ответы!D7:F7)<=9,MOD(Ответы!D7,1)=0,MOD(Ответы!E7,1)=0,MOD(Ответы!F7,1)=0),MEDIAN(Ответы!D7:F7),NA()),NA()) -> 9 | E8: =IFERROR(IF(AND(COUNT(Ответы!D7:F7)=3,MIN(Ответы!D7:F7)>=1,MAX(Ответы!D7:F7)<=9,MOD(Ответы!D7,1)=0,MOD(Ответы!E7,1)=0,MOD(Ответы!F7,1)=0),MAX(Ответы!D7:F7),NA()),NA()) -> 9 | F8: =C8/$C$2 -> 0.88888889 | G8: =D8/$C$2 -> 1 | H8: =E8/$C$2 -> 1 | I8: =MAX(F17,F23,F29,F35) -> 9 | J8: =MAX(L17,L23,L29,L35) -> 1 | K8: =MIN(J17,J23,J29,J35) -> 0.2962963 | L8: Экономическая выгода
A9: C5 | B9: min | C9: =IFERROR(IF(AND(COUNT(Ответы!D8:F8)=3,MIN(Ответы!D8:F8)>=1,MAX(Ответы!D8:F8)<=9,MOD(Ответы!D8,1)=0,MOD(Ответы!E8,1)=0,MOD(Ответы!F8,1)=0),MIN(Ответы!D8:F8),NA()),NA()) -> 6 | D9: =IFERROR(IF(AND(COUNT(Ответы!D8:F8)=3,MIN(Ответы!D8:F8)>=1,MAX(Ответы!D8:F8)<=9,MOD(Ответы!D8,1)=0,MOD(Ответы!E8,1)=0,MOD(Ответы!F8,1)=0),MEDIAN(Ответы!D8:F8),NA()),NA()) -> 7 | E9: =IFERROR(IF(AND(COUNT(Ответы!D8:F8)=3,MIN(Ответы!D8:F8)>=1,MAX(Ответы!D8:F8)<=9,MOD(Ответы!D8,1)=0,MOD(Ответы!E8,1)=0,MOD(Ответы!F8,1)=0),MAX(Ответы!D8:F8),NA()),NA()) -> 8 | F9: =C9/$C$2 -> 0.66666667 | G9: =D9/$C$2 -> 0.77777778 | H9: =E9/$C$2 -> 0.88888889 | I9: =MIN(D18,D24,D30,D36) -> 3 | J9: =MAX(L18,L24,L30,L36) -> 0.88888889 | K9: =MIN(J18,J24,J30,J36) -> 0.25 | L9: Техническая сложность
A10: C6 | B10: min | C10: =IFERROR(IF(AND(COUNT(Ответы!D9:F9)=3,MIN(Ответы!D9:F9)>=1,MAX(Ответы!D9:F9)<=9,MOD(Ответы!D9,1)=0,MOD(Ответы!E9,1)=0,MOD(Ответы!F9,1)=0),MIN(Ответы!D9:F9),NA()),NA()) -> 7 | D10: =IFERROR(IF(AND(COUNT(Ответы!D9:F9)=3,MIN(Ответы!D9:F9)>=1,MAX(Ответы!D9:F9)<=9,MOD(Ответы!D9,1)=0,MOD(Ответы!E9,1)=0,MOD(Ответы!F9,1)=0),MEDIAN(Ответы!D9:F9),NA()),NA()) -> 7 | E10: =IFERROR(IF(AND(COUNT(Ответы!D9:F9)=3,MIN(Ответы!D9:F9)>=1,MAX(Ответы!D9:F9)<=9,MOD(Ответы!D9,1)=0,MOD(Ответы!E9,1)=0,MOD(Ответы!F9,1)=0),MAX(Ответы!D9:F9),NA()),NA()) -> 8 | F10: =C10/$C$2 -> 0.77777778 | G10: =D10/$C$2 -> 0.77777778 | H10: =E10/$C$2 -> 0.88888889 | I10: =MIN(D19,D25,D31,D37) -> 3 | J10: =MAX(L19,L25,L31,L37) -> 0.88888889 | K10: =MIN(J19,J25,J31,J37) -> 0.25925926 | L10: Ресурсоёмкость разработки
A13: Концепция | B13: Критерий | C13: Тип | D13: x l | E13: x m | F13: x u | G13: r l | H13: r m | I13: r u | J13: v l | K13: v m | L13: v u | M13: Идеал + | N13: Антиидеал − | O13: d + | P13: d −
A14: A1 | B14: C1 | C14: =B5 -> max | D14: =IFERROR(IF(AND(COUNT(Ответы!D10:F10)=3,MIN(Ответы!D10:F10)>=1,MAX(Ответы!D10:F10)<=9,MOD(Ответы!D10,1)=0,MOD(Ответы!E10,1)=0,MOD(Ответы!F10,1)=0),MIN(Ответы!D10:F10),NA()),NA()) -> 5 | E14: =IFERROR(IF(AND(COUNT(Ответы!D10:F10)=3,MIN(Ответы!D10:F10)>=1,MAX(Ответы!D10:F10)<=9,MOD(Ответы!D10,1)=0,MOD(Ответы!E10,1)=0,MOD(Ответы!F10,1)=0),MEDIAN(Ответы!D10:F10),NA()),NA()) -> 6 | F14: =IFERROR(IF(AND(COUNT(Ответы!D10:F10)=3,MIN(Ответы!D10:F10)>=1,MAX(Ответы!D10:F10)<=9,MOD(Ответы!D10,1)=0,MOD(Ответы!E10,1)=0,MOD(Ответы!F10,1)=0),MAX(Ответы!D10:F10),NA()),NA()) -> 6 | G14: =IF(C14="max",D14/$I$5,$I$5/F14) -> 0.55555556 | H14: =IF(C14="max",E14/$I$5,$I$5/E14) -> 0.66666667 | I14: =IF(C14="max",F14/$I$5,$I$5/D14) -> 0.66666667 | J14: =G14*$F$5 -> 0.49382716 | K14: =H14*$G$5 -> 0.66666667 | L14: =I14*$H$5 -> 0.66666667 | M14: =$J$5 -> 1 | N14: =$K$5 -> 0.49382716 | O14: =SQRT(((J14-M14)^2+(K14-M14)^2+(L14-M14)^2)/3) -> 0.39934662 | P14: =SQRT(((J14-N14)^2+(K14-N14)^2+(L14-N14)^2)/3) -> 0.14112287
A15: A1 | B15: C2 | C15: =B6 -> max | D15: =IFERROR(IF(AND(COUNT(Ответы!D11:F11)=3,MIN(Ответы!D11:F11)>=1,MAX(Ответы!D11:F11)<=9,MOD(Ответы!D11,1)=0,MOD(Ответы!E11,1)=0,MOD(Ответы!F11,1)=0),MIN(Ответы!D11:F11),NA()),NA()) -> 5 | E15: =IFERROR(IF(AND(COUNT(Ответы!D11:F11)=3,MIN(Ответы!D11:F11)>=1,MAX(Ответы!D11:F11)<=9,MOD(Ответы!D11,1)=0,MOD(Ответы!E11,1)=0,MOD(Ответы!F11,1)=0),MEDIAN(Ответы!D11:F11),NA()),NA()) -> 6 | F15: =IFERROR(IF(AND(COUNT(Ответы!D11:F11)=3,MIN(Ответы!D11:F11)>=1,MAX(Ответы!D11:F11)<=9,MOD(Ответы!D11,1)=0,MOD(Ответы!E11,1)=0,MOD(Ответы!F11,1)=0),MAX(Ответы!D11:F11),NA()),NA()) -> 8 | G15: =IF(C15="max",D15/$I$6,$I$6/F15) -> 0.55555556 | H15: =IF(C15="max",E15/$I$6,$I$6/E15) -> 0.66666667 | I15: =IF(C15="max",F15/$I$6,$I$6/D15) -> 0.88888889 | J15: =G15*$F$6 -> 0.49382716 | K15: =H15*$G$6 -> 0.59259259 | L15: =I15*$H$6 -> 0.88888889 | M15: =$J$6 -> 1 | N15: =$K$6 -> 0.49382716 | O15: =SQRT(((J15-M15)^2+(K15-M15)^2+(L15-M15)^2)/3) -> 0.38058613 | P15: =SQRT(((J15-N15)^2+(K15-N15)^2+(L15-N15)^2)/3) -> 0.23510875
A16: A1 | B16: C3 | C16: =B7 -> max | D16: =IFERROR(IF(AND(COUNT(Ответы!D12:F12)=3,MIN(Ответы!D12:F12)>=1,MAX(Ответы!D12:F12)<=9,MOD(Ответы!D12,1)=0,MOD(Ответы!E12,1)=0,MOD(Ответы!F12,1)=0),MIN(Ответы!D12:F12),NA()),NA()) -> 7 | E16: =IFERROR(IF(AND(COUNT(Ответы!D12:F12)=3,MIN(Ответы!D12:F12)>=1,MAX(Ответы!D12:F12)<=9,MOD(Ответы!D12,1)=0,MOD(Ответы!E12,1)=0,MOD(Ответы!F12,1)=0),MEDIAN(Ответы!D12:F12),NA()),NA()) -> 8 | F16: =IFERROR(IF(AND(COUNT(Ответы!D12:F12)=3,MIN(Ответы!D12:F12)>=1,MAX(Ответы!D12:F12)<=9,MOD(Ответы!D12,1)=0,MOD(Ответы!E12,1)=0,MOD(Ответы!F12,1)=0),MAX(Ответы!D12:F12),NA()),NA()) -> 8 | G16: =IF(C16="max",D16/$I$7,$I$7/F16) -> 0.77777778 | H16: =IF(C16="max",E16/$I$7,$I$7/E16) -> 0.88888889 | I16: =IF(C16="max",F16/$I$7,$I$7/D16) -> 0.88888889 | J16: =G16*$F$7 -> 0.51851852 | K16: =H16*$G$7 -> 0.59259259 | L16: =I16*$H$7 -> 0.69135802 | M16: =$J$7 -> 0.77777778 | N16: =$K$7 -> 0.44444444 | O16: =SQRT(((J16-M16)^2+(K16-M16)^2+(L16-M16)^2)/3) -> 0.19059319 | P16: =SQRT(((J16-N16)^2+(K16-N16)^2+(L16-N16)^2)/3) -> 0.1716597
A17: A1 | B17: C4 | C17: =B8 -> max | D17: =IFERROR(IF(AND(COUNT(Ответы!D13:F13)=3,MIN(Ответы!D13:F13)>=1,MAX(Ответы!D13:F13)<=9,MOD(Ответы!D13,1)=0,MOD(Ответы!E13,1)=0,MOD(Ответы!F13,1)=0),MIN(Ответы!D13:F13),NA()),NA()) -> 3 | E17: =IFERROR(IF(AND(COUNT(Ответы!D13:F13)=3,MIN(Ответы!D13:F13)>=1,MAX(Ответы!D13:F13)<=9,MOD(Ответы!D13,1)=0,MOD(Ответы!E13,1)=0,MOD(Ответы!F13,1)=0),MEDIAN(Ответы!D13:F13),NA()),NA()) -> 4 | F17: =IFERROR(IF(AND(COUNT(Ответы!D13:F13)=3,MIN(Ответы!D13:F13)>=1,MAX(Ответы!D13:F13)<=9,MOD(Ответы!D13,1)=0,MOD(Ответы!E13,1)=0,MOD(Ответы!F13,1)=0),MAX(Ответы!D13:F13),NA()),NA()) -> 5 | G17: =IF(C17="max",D17/$I$8,$I$8/F17) -> 0.33333333 | H17: =IF(C17="max",E17/$I$8,$I$8/E17) -> 0.44444444 | I17: =IF(C17="max",F17/$I$8,$I$8/D17) -> 0.55555556 | J17: =G17*$F$8 -> 0.2962963 | K17: =H17*$G$8 -> 0.44444444 | L17: =I17*$H$8 -> 0.55555556 | M17: =$J$8 -> 1 | N17: =$K$8 -> 0.2962963 | O17: =SQRT(((J17-M17)^2+(K17-M17)^2+(L17-M17)^2)/3) -> 0.57774612 | P17: =SQRT(((J17-N17)^2+(K17-N17)^2+(L17-N17)^2)/3) -> 0.17239803
A18: A1 | B18: C5 | C18: =B9 -> min | D18: =IFERROR(IF(AND(COUNT(Ответы!D14:F14)=3,MIN(Ответы!D14:F14)>=1,MAX(Ответы!D14:F14)<=9,MOD(Ответы!D14,1)=0,MOD(Ответы!E14,1)=0,MOD(Ответы!F14,1)=0),MIN(Ответы!D14:F14),NA()),NA()) -> 4 | E18: =IFERROR(IF(AND(COUNT(Ответы!D14:F14)=3,MIN(Ответы!D14:F14)>=1,MAX(Ответы!D14:F14)<=9,MOD(Ответы!D14,1)=0,MOD(Ответы!E14,1)=0,MOD(Ответы!F14,1)=0),MEDIAN(Ответы!D14:F14),NA()),NA()) -> 4 | F18: =IFERROR(IF(AND(COUNT(Ответы!D14:F14)=3,MIN(Ответы!D14:F14)>=1,MAX(Ответы!D14:F14)<=9,MOD(Ответы!D14,1)=0,MOD(Ответы!E14,1)=0,MOD(Ответы!F14,1)=0),MAX(Ответы!D14:F14),NA()),NA()) -> 6 | G18: =IF(C18="max",D18/$I$9,$I$9/F18) -> 0.5 | H18: =IF(C18="max",E18/$I$9,$I$9/E18) -> 0.75 | I18: =IF(C18="max",F18/$I$9,$I$9/D18) -> 0.75 | J18: =G18*$F$9 -> 0.33333333 | K18: =H18*$G$9 -> 0.58333333 | L18: =I18*$H$9 -> 0.66666667 | M18: =$J$9 -> 0.88888889 | N18: =$K$9 -> 0.25 | O18: =SQRT(((J18-M18)^2+(K18-M18)^2+(L18-M18)^2)/3) -> 0.38789556 | P18: =SQRT(((J18-N18)^2+(K18-N18)^2+(L18-N18)^2)/3) -> 0.31180478
A19: A1 | B19: C6 | C19: =B10 -> min | D19: =IFERROR(IF(AND(COUNT(Ответы!D15:F15)=3,MIN(Ответы!D15:F15)>=1,MAX(Ответы!D15:F15)<=9,MOD(Ответы!D15,1)=0,MOD(Ответы!E15,1)=0,MOD(Ответы!F15,1)=0),MIN(Ответы!D15:F15),NA()),NA()) -> 5 | E19: =IFERROR(IF(AND(COUNT(Ответы!D15:F15)=3,MIN(Ответы!D15:F15)>=1,MAX(Ответы!D15:F15)<=9,MOD(Ответы!D15,1)=0,MOD(Ответы!E15,1)=0,MOD(Ответы!F15,1)=0),MEDIAN(Ответы!D15:F15),NA()),NA()) -> 5 | F19: =IFERROR(IF(AND(COUNT(Ответы!D15:F15)=3,MIN(Ответы!D15:F15)>=1,MAX(Ответы!D15:F15)<=9,MOD(Ответы!D15,1)=0,MOD(Ответы!E15,1)=0,MOD(Ответы!F15,1)=0),MAX(Ответы!D15:F15),NA()),NA()) -> 6 | G19: =IF(C19="max",D19/$I$10,$I$10/F19) -> 0.5 | H19: =IF(C19="max",E19/$I$10,$I$10/E19) -> 0.6 | I19: =IF(C19="max",F19/$I$10,$I$10/D19) -> 0.6 | J19: =G19*$F$10 -> 0.38888889 | K19: =H19*$G$10 -> 0.46666667 | L19: =I19*$H$10 -> 0.53333333 | M19: =$J$10 -> 0.88888889 | N19: =$K$10 -> 0.25925926 | O19: =SQRT(((J19-M19)^2+(K19-M19)^2+(L19-M19)^2)/3) -> 0.42999665 | P19: =SQRT(((J19-N19)^2+(K19-N19)^2+(L19-N19)^2)/3) -> 0.21208353
A20: A2 | B20: C1 | C20: =B5 -> max | D20: =IFERROR(IF(AND(COUNT(Ответы!D16:F16)=3,MIN(Ответы!D16:F16)>=1,MAX(Ответы!D16:F16)<=9,MOD(Ответы!D16,1)=0,MOD(Ответы!E16,1)=0,MOD(Ответы!F16,1)=0),MIN(Ответы!D16:F16),NA()),NA()) -> 9 | E20: =IFERROR(IF(AND(COUNT(Ответы!D16:F16)=3,MIN(Ответы!D16:F16)>=1,MAX(Ответы!D16:F16)<=9,MOD(Ответы!D16,1)=0,MOD(Ответы!E16,1)=0,MOD(Ответы!F16,1)=0),MEDIAN(Ответы!D16:F16),NA()),NA()) -> 9 | F20: =IFERROR(IF(AND(COUNT(Ответы!D16:F16)=3,MIN(Ответы!D16:F16)>=1,MAX(Ответы!D16:F16)<=9,MOD(Ответы!D16,1)=0,MOD(Ответы!E16,1)=0,MOD(Ответы!F16,1)=0),MAX(Ответы!D16:F16),NA()),NA()) -> 9 | G20: =IF(C20="max",D20/$I$5,$I$5/F20) -> 1 | H20: =IF(C20="max",E20/$I$5,$I$5/E20) -> 1 | I20: =IF(C20="max",F20/$I$5,$I$5/D20) -> 1 | J20: =G20*$F$5 -> 0.88888889 | K20: =H20*$G$5 -> 1 | L20: =I20*$H$5 -> 1 | M20: =$J$5 -> 1 | N20: =$K$5 -> 0.49382716 | O20: =SQRT(((J20-M20)^2+(K20-M20)^2+(L20-M20)^2)/3) -> 0.06415003 | P20: =SQRT(((J20-N20)^2+(K20-N20)^2+(L20-N20)^2)/3) -> 0.47205072
A21: A2 | B21: C2 | C21: =B6 -> max | D21: =IFERROR(IF(AND(COUNT(Ответы!D17:F17)=3,MIN(Ответы!D17:F17)>=1,MAX(Ответы!D17:F17)<=9,MOD(Ответы!D17,1)=0,MOD(Ответы!E17,1)=0,MOD(Ответы!F17,1)=0),MIN(Ответы!D17:F17),NA()),NA()) -> 8 | E21: =IFERROR(IF(AND(COUNT(Ответы!D17:F17)=3,MIN(Ответы!D17:F17)>=1,MAX(Ответы!D17:F17)<=9,MOD(Ответы!D17,1)=0,MOD(Ответы!E17,1)=0,MOD(Ответы!F17,1)=0),MEDIAN(Ответы!D17:F17),NA()),NA()) -> 9 | F21: =IFERROR(IF(AND(COUNT(Ответы!D17:F17)=3,MIN(Ответы!D17:F17)>=1,MAX(Ответы!D17:F17)<=9,MOD(Ответы!D17,1)=0,MOD(Ответы!E17,1)=0,MOD(Ответы!F17,1)=0),MAX(Ответы!D17:F17),NA()),NA()) -> 9 | G21: =IF(C21="max",D21/$I$6,$I$6/F21) -> 0.88888889 | H21: =IF(C21="max",E21/$I$6,$I$6/E21) -> 1 | I21: =IF(C21="max",F21/$I$6,$I$6/D21) -> 1 | J21: =G21*$F$6 -> 0.79012346 | K21: =H21*$G$6 -> 0.88888889 | L21: =I21*$H$6 -> 1 | M21: =$J$6 -> 1 | N21: =$K$6 -> 0.49382716 | O21: =SQRT(((J21-M21)^2+(K21-M21)^2+(L21-M21)^2)/3) -> 0.13710561 | P21: =SQRT(((J21-N21)^2+(K21-N21)^2+(L21-N21)^2)/3) -> 0.4082794
A22: A2 | B22: C3 | C22: =B7 -> max | D22: =IFERROR(IF(AND(COUNT(Ответы!D18:F18)=3,MIN(Ответы!D18:F18)>=1,MAX(Ответы!D18:F18)<=9,MOD(Ответы!D18,1)=0,MOD(Ответы!E18,1)=0,MOD(Ответы!F18,1)=0),MIN(Ответы!D18:F18),NA()),NA()) -> 6 | E22: =IFERROR(IF(AND(COUNT(Ответы!D18:F18)=3,MIN(Ответы!D18:F18)>=1,MAX(Ответы!D18:F18)<=9,MOD(Ответы!D18,1)=0,MOD(Ответы!E18,1)=0,MOD(Ответы!F18,1)=0),MEDIAN(Ответы!D18:F18),NA()),NA()) -> 7 | F22: =IFERROR(IF(AND(COUNT(Ответы!D18:F18)=3,MIN(Ответы!D18:F18)>=1,MAX(Ответы!D18:F18)<=9,MOD(Ответы!D18,1)=0,MOD(Ответы!E18,1)=0,MOD(Ответы!F18,1)=0),MAX(Ответы!D18:F18),NA()),NA()) -> 8 | G22: =IF(C22="max",D22/$I$7,$I$7/F22) -> 0.66666667 | H22: =IF(C22="max",E22/$I$7,$I$7/E22) -> 0.77777778 | I22: =IF(C22="max",F22/$I$7,$I$7/D22) -> 0.88888889 | J22: =G22*$F$7 -> 0.44444444 | K22: =H22*$G$7 -> 0.51851852 | L22: =I22*$H$7 -> 0.69135802 | M22: =$J$7 -> 0.77777778 | N22: =$K$7 -> 0.44444444 | O22: =SQRT(((J22-M22)^2+(K22-M22)^2+(L22-M22)^2)/3) -> 0.24886064 | P22: =SQRT(((J22-N22)^2+(K22-N22)^2+(L22-N22)^2)/3) -> 0.14883244
A23: A2 | B23: C4 | C23: =B8 -> max | D23: =IFERROR(IF(AND(COUNT(Ответы!D19:F19)=3,MIN(Ответы!D19:F19)>=1,MAX(Ответы!D19:F19)<=9,MOD(Ответы!D19,1)=0,MOD(Ответы!E19,1)=0,MOD(Ответы!F19,1)=0),MIN(Ответы!D19:F19),NA()),NA()) -> 7 | E23: =IFERROR(IF(AND(COUNT(Ответы!D19:F19)=3,MIN(Ответы!D19:F19)>=1,MAX(Ответы!D19:F19)<=9,MOD(Ответы!D19,1)=0,MOD(Ответы!E19,1)=0,MOD(Ответы!F19,1)=0),MEDIAN(Ответы!D19:F19),NA()),NA()) -> 7 | F23: =IFERROR(IF(AND(COUNT(Ответы!D19:F19)=3,MIN(Ответы!D19:F19)>=1,MAX(Ответы!D19:F19)<=9,MOD(Ответы!D19,1)=0,MOD(Ответы!E19,1)=0,MOD(Ответы!F19,1)=0),MAX(Ответы!D19:F19),NA()),NA()) -> 9 | G23: =IF(C23="max",D23/$I$8,$I$8/F23) -> 0.77777778 | H23: =IF(C23="max",E23/$I$8,$I$8/E23) -> 0.77777778 | I23: =IF(C23="max",F23/$I$8,$I$8/D23) -> 1 | J23: =G23*$F$8 -> 0.69135802 | K23: =H23*$G$8 -> 0.77777778 | L23: =I23*$H$8 -> 1 | M23: =$J$8 -> 1 | N23: =$K$8 -> 0.2962963 | O23: =SQRT(((J23-M23)^2+(K23-M23)^2+(L23-M23)^2)/3) -> 0.21957731 | P23: =SQRT(((J23-N23)^2+(K23-N23)^2+(L23-N23)^2)/3) -> 0.54255479
A24: A2 | B24: C5 | C24: =B9 -> min | D24: =IFERROR(IF(AND(COUNT(Ответы!D20:F20)=3,MIN(Ответы!D20:F20)>=1,MAX(Ответы!D20:F20)<=9,MOD(Ответы!D20,1)=0,MOD(Ответы!E20,1)=0,MOD(Ответы!F20,1)=0),MIN(Ответы!D20:F20),NA()),NA()) -> 3 | E24: =IFERROR(IF(AND(COUNT(Ответы!D20:F20)=3,MIN(Ответы!D20:F20)>=1,MAX(Ответы!D20:F20)<=9,MOD(Ответы!D20,1)=0,MOD(Ответы!E20,1)=0,MOD(Ответы!F20,1)=0),MEDIAN(Ответы!D20:F20),NA()),NA()) -> 4 | F24: =IFERROR(IF(AND(COUNT(Ответы!D20:F20)=3,MIN(Ответы!D20:F20)>=1,MAX(Ответы!D20:F20)<=9,MOD(Ответы!D20,1)=0,MOD(Ответы!E20,1)=0,MOD(Ответы!F20,1)=0),MAX(Ответы!D20:F20),NA()),NA()) -> 4 | G24: =IF(C24="max",D24/$I$9,$I$9/F24) -> 0.75 | H24: =IF(C24="max",E24/$I$9,$I$9/E24) -> 0.75 | I24: =IF(C24="max",F24/$I$9,$I$9/D24) -> 1 | J24: =G24*$F$9 -> 0.5 | K24: =H24*$G$9 -> 0.58333333 | L24: =I24*$H$9 -> 0.88888889 | M24: =$J$9 -> 0.88888889 | N24: =$K$9 -> 0.25 | O24: =SQRT(((J24-M24)^2+(K24-M24)^2+(L24-M24)^2)/3) -> 0.2855397 | P24: =SQRT(((J24-N24)^2+(K24-N24)^2+(L24-N24)^2)/3) -> 0.44037489
A25: A2 | B25: C6 | C25: =B10 -> min | D25: =IFERROR(IF(AND(COUNT(Ответы!D21:F21)=3,MIN(Ответы!D21:F21)>=1,MAX(Ответы!D21:F21)<=9,MOD(Ответы!D21,1)=0,MOD(Ответы!E21,1)=0,MOD(Ответы!F21,1)=0),MIN(Ответы!D21:F21),NA()),NA()) -> 3 | E25: =IFERROR(IF(AND(COUNT(Ответы!D21:F21)=3,MIN(Ответы!D21:F21)>=1,MAX(Ответы!D21:F21)<=9,MOD(Ответы!D21,1)=0,MOD(Ответы!E21,1)=0,MOD(Ответы!F21,1)=0),MEDIAN(Ответы!D21:F21),NA()),NA()) -> 4 | F25: =IFERROR(IF(AND(COUNT(Ответы!D21:F21)=3,MIN(Ответы!D21:F21)>=1,MAX(Ответы!D21:F21)<=9,MOD(Ответы!D21,1)=0,MOD(Ответы!E21,1)=0,MOD(Ответы!F21,1)=0),MAX(Ответы!D21:F21),NA()),NA()) -> 4 | G25: =IF(C25="max",D25/$I$10,$I$10/F25) -> 0.75 | H25: =IF(C25="max",E25/$I$10,$I$10/E25) -> 0.75 | I25: =IF(C25="max",F25/$I$10,$I$10/D25) -> 1 | J25: =G25*$F$10 -> 0.58333333 | K25: =H25*$G$10 -> 0.58333333 | L25: =I25*$H$10 -> 0.88888889 | M25: =$J$10 -> 0.88888889 | N25: =$K$10 -> 0.25925926 | O25: =SQRT(((J25-M25)^2+(K25-M25)^2+(L25-M25)^2)/3) -> 0.24948507 | P25: =SQRT(((J25-N25)^2+(K25-N25)^2+(L25-N25)^2)/3) -> 0.44962261
A26: A3 | B26: C1 | C26: =B5 -> max | D26: =IFERROR(IF(AND(COUNT(Ответы!D22:F22)=3,MIN(Ответы!D22:F22)>=1,MAX(Ответы!D22:F22)<=9,MOD(Ответы!D22,1)=0,MOD(Ответы!E22,1)=0,MOD(Ответы!F22,1)=0),MIN(Ответы!D22:F22),NA()),NA()) -> 7 | E26: =IFERROR(IF(AND(COUNT(Ответы!D22:F22)=3,MIN(Ответы!D22:F22)>=1,MAX(Ответы!D22:F22)<=9,MOD(Ответы!D22,1)=0,MOD(Ответы!E22,1)=0,MOD(Ответы!F22,1)=0),MEDIAN(Ответы!D22:F22),NA()),NA()) -> 8 | F26: =IFERROR(IF(AND(COUNT(Ответы!D22:F22)=3,MIN(Ответы!D22:F22)>=1,MAX(Ответы!D22:F22)<=9,MOD(Ответы!D22,1)=0,MOD(Ответы!E22,1)=0,MOD(Ответы!F22,1)=0),MAX(Ответы!D22:F22),NA()),NA()) -> 9 | G26: =IF(C26="max",D26/$I$5,$I$5/F26) -> 0.77777778 | H26: =IF(C26="max",E26/$I$5,$I$5/E26) -> 0.88888889 | I26: =IF(C26="max",F26/$I$5,$I$5/D26) -> 1 | J26: =G26*$F$5 -> 0.69135802 | K26: =H26*$G$5 -> 0.88888889 | L26: =I26*$H$5 -> 1 | M26: =$J$5 -> 1 | N26: =$K$5 -> 0.49382716 | O26: =SQRT(((J26-M26)^2+(K26-M26)^2+(L26-M26)^2)/3) -> 0.18938985 | P26: =SQRT(((J26-N26)^2+(K26-N26)^2+(L26-N26)^2)/3) -> 0.38785872
A27: A3 | B27: C2 | C27: =B6 -> max | D27: =IFERROR(IF(AND(COUNT(Ответы!D23:F23)=3,MIN(Ответы!D23:F23)>=1,MAX(Ответы!D23:F23)<=9,MOD(Ответы!D23,1)=0,MOD(Ответы!E23,1)=0,MOD(Ответы!F23,1)=0),MIN(Ответы!D23:F23),NA()),NA()) -> 6 | E27: =IFERROR(IF(AND(COUNT(Ответы!D23:F23)=3,MIN(Ответы!D23:F23)>=1,MAX(Ответы!D23:F23)<=9,MOD(Ответы!D23,1)=0,MOD(Ответы!E23,1)=0,MOD(Ответы!F23,1)=0),MEDIAN(Ответы!D23:F23),NA()),NA()) -> 7 | F27: =IFERROR(IF(AND(COUNT(Ответы!D23:F23)=3,MIN(Ответы!D23:F23)>=1,MAX(Ответы!D23:F23)<=9,MOD(Ответы!D23,1)=0,MOD(Ответы!E23,1)=0,MOD(Ответы!F23,1)=0),MAX(Ответы!D23:F23),NA()),NA()) -> 7 | G27: =IF(C27="max",D27/$I$6,$I$6/F27) -> 0.66666667 | H27: =IF(C27="max",E27/$I$6,$I$6/E27) -> 0.77777778 | I27: =IF(C27="max",F27/$I$6,$I$6/D27) -> 0.77777778 | J27: =G27*$F$6 -> 0.59259259 | K27: =H27*$G$6 -> 0.69135802 | L27: =I27*$H$6 -> 0.77777778 | M27: =$J$6 -> 1 | N27: =$K$6 -> 0.49382716 | O27: =SQRT(((J27-M27)^2+(K27-M27)^2+(L27-M27)^2)/3) -> 0.32177807 | P27: =SQRT(((J27-N27)^2+(K27-N27)^2+(L27-N27)^2)/3) -> 0.20768647
A28: A3 | B28: C3 | C28: =B7 -> max | D28: =IFERROR(IF(AND(COUNT(Ответы!D24:F24)=3,MIN(Ответы!D24:F24)>=1,MAX(Ответы!D24:F24)<=9,MOD(Ответы!D24,1)=0,MOD(Ответы!E24,1)=0,MOD(Ответы!F24,1)=0),MIN(Ответы!D24:F24),NA()),NA()) -> 8 | E28: =IFERROR(IF(AND(COUNT(Ответы!D24:F24)=3,MIN(Ответы!D24:F24)>=1,MAX(Ответы!D24:F24)<=9,MOD(Ответы!D24,1)=0,MOD(Ответы!E24,1)=0,MOD(Ответы!F24,1)=0),MEDIAN(Ответы!D24:F24),NA()),NA()) -> 8 | F28: =IFERROR(IF(AND(COUNT(Ответы!D24:F24)=3,MIN(Ответы!D24:F24)>=1,MAX(Ответы!D24:F24)<=9,MOD(Ответы!D24,1)=0,MOD(Ответы!E24,1)=0,MOD(Ответы!F24,1)=0),MAX(Ответы!D24:F24),NA()),NA()) -> 8 | G28: =IF(C28="max",D28/$I$7,$I$7/F28) -> 0.88888889 | H28: =IF(C28="max",E28/$I$7,$I$7/E28) -> 0.88888889 | I28: =IF(C28="max",F28/$I$7,$I$7/D28) -> 0.88888889 | J28: =G28*$F$7 -> 0.59259259 | K28: =H28*$G$7 -> 0.59259259 | L28: =I28*$H$7 -> 0.69135802 | M28: =$J$7 -> 0.77777778 | N28: =$K$7 -> 0.44444444 | O28: =SQRT(((J28-M28)^2+(K28-M28)^2+(L28-M28)^2)/3) -> 0.15922257 | P28: =SQRT(((J28-N28)^2+(K28-N28)^2+(L28-N28)^2)/3) -> 0.18695995
A29: A3 | B29: C4 | C29: =B8 -> max | D29: =IFERROR(IF(AND(COUNT(Ответы!D25:F25)=3,MIN(Ответы!D25:F25)>=1,MAX(Ответы!D25:F25)<=9,MOD(Ответы!D25,1)=0,MOD(Ответы!E25,1)=0,MOD(Ответы!F25,1)=0),MIN(Ответы!D25:F25),NA()),NA()) -> 5 | E29: =IFERROR(IF(AND(COUNT(Ответы!D25:F25)=3,MIN(Ответы!D25:F25)>=1,MAX(Ответы!D25:F25)<=9,MOD(Ответы!D25,1)=0,MOD(Ответы!E25,1)=0,MOD(Ответы!F25,1)=0),MEDIAN(Ответы!D25:F25),NA()),NA()) -> 6 | F29: =IFERROR(IF(AND(COUNT(Ответы!D25:F25)=3,MIN(Ответы!D25:F25)>=1,MAX(Ответы!D25:F25)<=9,MOD(Ответы!D25,1)=0,MOD(Ответы!E25,1)=0,MOD(Ответы!F25,1)=0),MAX(Ответы!D25:F25),NA()),NA()) -> 6 | G29: =IF(C29="max",D29/$I$8,$I$8/F29) -> 0.55555556 | H29: =IF(C29="max",E29/$I$8,$I$8/E29) -> 0.66666667 | I29: =IF(C29="max",F29/$I$8,$I$8/D29) -> 0.66666667 | J29: =G29*$F$8 -> 0.49382716 | K29: =H29*$G$8 -> 0.66666667 | L29: =I29*$H$8 -> 0.66666667 | M29: =$J$8 -> 1 | N29: =$K$8 -> 0.2962963 | O29: =SQRT(((J29-M29)^2+(K29-M29)^2+(L29-M29)^2)/3) -> 0.39934662 | P29: =SQRT(((J29-N29)^2+(K29-N29)^2+(L29-N29)^2)/3) -> 0.32319595
A30: A3 | B30: C5 | C30: =B9 -> min | D30: =IFERROR(IF(AND(COUNT(Ответы!D26:F26)=3,MIN(Ответы!D26:F26)>=1,MAX(Ответы!D26:F26)<=9,MOD(Ответы!D26,1)=0,MOD(Ответы!E26,1)=0,MOD(Ответы!F26,1)=0),MIN(Ответы!D26:F26),NA()),NA()) -> 5 | E30: =IFERROR(IF(AND(COUNT(Ответы!D26:F26)=3,MIN(Ответы!D26:F26)>=1,MAX(Ответы!D26:F26)<=9,MOD(Ответы!D26,1)=0,MOD(Ответы!E26,1)=0,MOD(Ответы!F26,1)=0),MEDIAN(Ответы!D26:F26),NA()),NA()) -> 6 | F30: =IFERROR(IF(AND(COUNT(Ответы!D26:F26)=3,MIN(Ответы!D26:F26)>=1,MAX(Ответы!D26:F26)<=9,MOD(Ответы!D26,1)=0,MOD(Ответы!E26,1)=0,MOD(Ответы!F26,1)=0),MAX(Ответы!D26:F26),NA()),NA()) -> 7 | G30: =IF(C30="max",D30/$I$9,$I$9/F30) -> 0.42857143 | H30: =IF(C30="max",E30/$I$9,$I$9/E30) -> 0.5 | I30: =IF(C30="max",F30/$I$9,$I$9/D30) -> 0.6 | J30: =G30*$F$9 -> 0.28571429 | K30: =H30*$G$9 -> 0.38888889 | L30: =I30*$H$9 -> 0.53333333 | M30: =$J$9 -> 0.88888889 | N30: =$K$9 -> 0.25 | O30: =SQRT(((J30-M30)^2+(K30-M30)^2+(L30-M30)^2)/3) -> 0.4967358 | P30: =SQRT(((J30-N30)^2+(K30-N30)^2+(L30-N30)^2)/3) -> 0.1833425
A31: A3 | B31: C6 | C31: =B10 -> min | D31: =IFERROR(IF(AND(COUNT(Ответы!D27:F27)=3,MIN(Ответы!D27:F27)>=1,MAX(Ответы!D27:F27)<=9,MOD(Ответы!D27,1)=0,MOD(Ответы!E27,1)=0,MOD(Ответы!F27,1)=0),MIN(Ответы!D27:F27),NA()),NA()) -> 5 | E31: =IFERROR(IF(AND(COUNT(Ответы!D27:F27)=3,MIN(Ответы!D27:F27)>=1,MAX(Ответы!D27:F27)<=9,MOD(Ответы!D27,1)=0,MOD(Ответы!E27,1)=0,MOD(Ответы!F27,1)=0),MEDIAN(Ответы!D27:F27),NA()),NA()) -> 7 | F31: =IFERROR(IF(AND(COUNT(Ответы!D27:F27)=3,MIN(Ответы!D27:F27)>=1,MAX(Ответы!D27:F27)<=9,MOD(Ответы!D27,1)=0,MOD(Ответы!E27,1)=0,MOD(Ответы!F27,1)=0),MAX(Ответы!D27:F27),NA()),NA()) -> 9 | G31: =IF(C31="max",D31/$I$10,$I$10/F31) -> 0.33333333 | H31: =IF(C31="max",E31/$I$10,$I$10/E31) -> 0.42857143 | I31: =IF(C31="max",F31/$I$10,$I$10/D31) -> 0.6 | J31: =G31*$F$10 -> 0.25925926 | K31: =H31*$G$10 -> 0.33333333 | L31: =I31*$H$10 -> 0.53333333 | M31: =$J$10 -> 0.88888889 | N31: =$K$10 -> 0.25925926 | O31: =SQRT(((J31-M31)^2+(K31-M31)^2+(L31-M31)^2)/3) -> 0.52646469 | P31: =SQRT(((J31-N31)^2+(K31-N31)^2+(L31-N31)^2)/3) -> 0.16391417
A32: A4 | B32: C1 | C32: =B5 -> max | D32: =IFERROR(IF(AND(COUNT(Ответы!D28:F28)=3,MIN(Ответы!D28:F28)>=1,MAX(Ответы!D28:F28)<=9,MOD(Ответы!D28,1)=0,MOD(Ответы!E28,1)=0,MOD(Ответы!F28,1)=0),MIN(Ответы!D28:F28),NA()),NA()) -> 5 | E32: =IFERROR(IF(AND(COUNT(Ответы!D28:F28)=3,MIN(Ответы!D28:F28)>=1,MAX(Ответы!D28:F28)<=9,MOD(Ответы!D28,1)=0,MOD(Ответы!E28,1)=0,MOD(Ответы!F28,1)=0),MEDIAN(Ответы!D28:F28),NA()),NA()) -> 6 | F32: =IFERROR(IF(AND(COUNT(Ответы!D28:F28)=3,MIN(Ответы!D28:F28)>=1,MAX(Ответы!D28:F28)<=9,MOD(Ответы!D28,1)=0,MOD(Ответы!E28,1)=0,MOD(Ответы!F28,1)=0),MAX(Ответы!D28:F28),NA()),NA()) -> 7 | G32: =IF(C32="max",D32/$I$5,$I$5/F32) -> 0.55555556 | H32: =IF(C32="max",E32/$I$5,$I$5/E32) -> 0.66666667 | I32: =IF(C32="max",F32/$I$5,$I$5/D32) -> 0.77777778 | J32: =G32*$F$5 -> 0.49382716 | K32: =H32*$G$5 -> 0.66666667 | L32: =I32*$H$5 -> 0.77777778 | M32: =$J$5 -> 1 | N32: =$K$5 -> 0.49382716 | O32: =SQRT(((J32-M32)^2+(K32-M32)^2+(L32-M32)^2)/3) -> 0.37269504 | P32: =SQRT(((J32-N32)^2+(K32-N32)^2+(L32-N32)^2)/3) -> 0.19192138
A33: A4 | B33: C2 | C33: =B6 -> max | D33: =IFERROR(IF(AND(COUNT(Ответы!D29:F29)=3,MIN(Ответы!D29:F29)>=1,MAX(Ответы!D29:F29)<=9,MOD(Ответы!D29,1)=0,MOD(Ответы!E29,1)=0,MOD(Ответы!F29,1)=0),MIN(Ответы!D29:F29),NA()),NA()) -> 7 | E33: =IFERROR(IF(AND(COUNT(Ответы!D29:F29)=3,MIN(Ответы!D29:F29)>=1,MAX(Ответы!D29:F29)<=9,MOD(Ответы!D29,1)=0,MOD(Ответы!E29,1)=0,MOD(Ответы!F29,1)=0),MEDIAN(Ответы!D29:F29),NA()),NA()) -> 7 | F33: =IFERROR(IF(AND(COUNT(Ответы!D29:F29)=3,MIN(Ответы!D29:F29)>=1,MAX(Ответы!D29:F29)<=9,MOD(Ответы!D29,1)=0,MOD(Ответы!E29,1)=0,MOD(Ответы!F29,1)=0),MAX(Ответы!D29:F29),NA()),NA()) -> 7 | G33: =IF(C33="max",D33/$I$6,$I$6/F33) -> 0.77777778 | H33: =IF(C33="max",E33/$I$6,$I$6/E33) -> 0.77777778 | I33: =IF(C33="max",F33/$I$6,$I$6/D33) -> 0.77777778 | J33: =G33*$F$6 -> 0.69135802 | K33: =H33*$G$6 -> 0.69135802 | L33: =I33*$H$6 -> 0.77777778 | M33: =$J$6 -> 1 | N33: =$K$6 -> 0.49382716 | O33: =SQRT(((J33-M33)^2+(K33-M33)^2+(L33-M33)^2)/3) -> 0.28278523 | P33: =SQRT(((J33-N33)^2+(K33-N33)^2+(L33-N33)^2)/3) -> 0.22997452
A34: A4 | B34: C3 | C34: =B7 -> max | D34: =IFERROR(IF(AND(COUNT(Ответы!D30:F30)=3,MIN(Ответы!D30:F30)>=1,MAX(Ответы!D30:F30)<=9,MOD(Ответы!D30,1)=0,MOD(Ответы!E30,1)=0,MOD(Ответы!F30,1)=0),MIN(Ответы!D30:F30),NA()),NA()) -> 6 | E34: =IFERROR(IF(AND(COUNT(Ответы!D30:F30)=3,MIN(Ответы!D30:F30)>=1,MAX(Ответы!D30:F30)<=9,MOD(Ответы!D30,1)=0,MOD(Ответы!E30,1)=0,MOD(Ответы!F30,1)=0),MEDIAN(Ответы!D30:F30),NA()),NA()) -> 8 | F34: =IFERROR(IF(AND(COUNT(Ответы!D30:F30)=3,MIN(Ответы!D30:F30)>=1,MAX(Ответы!D30:F30)<=9,MOD(Ответы!D30,1)=0,MOD(Ответы!E30,1)=0,MOD(Ответы!F30,1)=0),MAX(Ответы!D30:F30),NA()),NA()) -> 9 | G34: =IF(C34="max",D34/$I$7,$I$7/F34) -> 0.66666667 | H34: =IF(C34="max",E34/$I$7,$I$7/E34) -> 0.88888889 | I34: =IF(C34="max",F34/$I$7,$I$7/D34) -> 1 | J34: =G34*$F$7 -> 0.44444444 | K34: =H34*$G$7 -> 0.59259259 | L34: =I34*$H$7 -> 0.77777778 | M34: =$J$7 -> 0.77777778 | N34: =$K$7 -> 0.44444444 | O34: =SQRT(((J34-M34)^2+(K34-M34)^2+(L34-M34)^2)/3) -> 0.22015499 | P34: =SQRT(((J34-N34)^2+(K34-N34)^2+(L34-N34)^2)/3) -> 0.21060151
A35: A4 | B35: C4 | C35: =B8 -> max | D35: =IFERROR(IF(AND(COUNT(Ответы!D31:F31)=3,MIN(Ответы!D31:F31)>=1,MAX(Ответы!D31:F31)<=9,MOD(Ответы!D31,1)=0,MOD(Ответы!E31,1)=0,MOD(Ответы!F31,1)=0),MIN(Ответы!D31:F31),NA()),NA()) -> 6 | E35: =IFERROR(IF(AND(COUNT(Ответы!D31:F31)=3,MIN(Ответы!D31:F31)>=1,MAX(Ответы!D31:F31)<=9,MOD(Ответы!D31,1)=0,MOD(Ответы!E31,1)=0,MOD(Ответы!F31,1)=0),MEDIAN(Ответы!D31:F31),NA()),NA()) -> 6 | F35: =IFERROR(IF(AND(COUNT(Ответы!D31:F31)=3,MIN(Ответы!D31:F31)>=1,MAX(Ответы!D31:F31)<=9,MOD(Ответы!D31,1)=0,MOD(Ответы!E31,1)=0,MOD(Ответы!F31,1)=0),MAX(Ответы!D31:F31),NA()),NA()) -> 7 | G35: =IF(C35="max",D35/$I$8,$I$8/F35) -> 0.66666667 | H35: =IF(C35="max",E35/$I$8,$I$8/E35) -> 0.66666667 | I35: =IF(C35="max",F35/$I$8,$I$8/D35) -> 0.77777778 | J35: =G35*$F$8 -> 0.59259259 | K35: =H35*$G$8 -> 0.66666667 | L35: =I35*$H$8 -> 0.77777778 | M35: =$J$8 -> 1 | N35: =$K$8 -> 0.2962963 | O35: =SQRT(((J35-M35)^2+(K35-M35)^2+(L35-M35)^2)/3) -> 0.32988615 | P35: =SQRT(((J35-N35)^2+(K35-N35)^2+(L35-N35)^2)/3) -> 0.3902094
A36: A4 | B36: C5 | C36: =B9 -> min | D36: =IFERROR(IF(AND(COUNT(Ответы!D32:F32)=3,MIN(Ответы!D32:F32)>=1,MAX(Ответы!D32:F32)<=9,MOD(Ответы!D32,1)=0,MOD(Ответы!E32,1)=0,MOD(Ответы!F32,1)=0),MIN(Ответы!D32:F32),NA()),NA()) -> 7 | E36: =IFERROR(IF(AND(COUNT(Ответы!D32:F32)=3,MIN(Ответы!D32:F32)>=1,MAX(Ответы!D32:F32)<=9,MOD(Ответы!D32,1)=0,MOD(Ответы!E32,1)=0,MOD(Ответы!F32,1)=0),MEDIAN(Ответы!D32:F32),NA()),NA()) -> 7 | F36: =IFERROR(IF(AND(COUNT(Ответы!D32:F32)=3,MIN(Ответы!D32:F32)>=1,MAX(Ответы!D32:F32)<=9,MOD(Ответы!D32,1)=0,MOD(Ответы!E32,1)=0,MOD(Ответы!F32,1)=0),MAX(Ответы!D32:F32),NA()),NA()) -> 8 | G36: =IF(C36="max",D36/$I$9,$I$9/F36) -> 0.375 | H36: =IF(C36="max",E36/$I$9,$I$9/E36) -> 0.42857143 | I36: =IF(C36="max",F36/$I$9,$I$9/D36) -> 0.42857143 | J36: =G36*$F$9 -> 0.25 | K36: =H36*$G$9 -> 0.33333333 | L36: =I36*$H$9 -> 0.38095238 | M36: =$J$9 -> 0.88888889 | N36: =$K$9 -> 0.25 | O36: =SQRT(((J36-M36)^2+(K36-M36)^2+(L36-M36)^2)/3) -> 0.57003523 | P36: =SQRT(((J36-N36)^2+(K36-N36)^2+(L36-N36)^2)/3) -> 0.089615792
A37: A4 | B37: C6 | C37: =B10 -> min | D37: =IFERROR(IF(AND(COUNT(Ответы!D33:F33)=3,MIN(Ответы!D33:F33)>=1,MAX(Ответы!D33:F33)<=9,MOD(Ответы!D33,1)=0,MOD(Ответы!E33,1)=0,MOD(Ответы!F33,1)=0),MIN(Ответы!D33:F33),NA()),NA()) -> 4 | E37: =IFERROR(IF(AND(COUNT(Ответы!D33:F33)=3,MIN(Ответы!D33:F33)>=1,MAX(Ответы!D33:F33)<=9,MOD(Ответы!D33,1)=0,MOD(Ответы!E33,1)=0,MOD(Ответы!F33,1)=0),MEDIAN(Ответы!D33:F33),NA()),NA()) -> 7 | F37: =IFERROR(IF(AND(COUNT(Ответы!D33:F33)=3,MIN(Ответы!D33:F33)>=1,MAX(Ответы!D33:F33)<=9,MOD(Ответы!D33,1)=0,MOD(Ответы!E33,1)=0,MOD(Ответы!F33,1)=0),MAX(Ответы!D33:F33),NA()),NA()) -> 8 | G37: =IF(C37="max",D37/$I$10,$I$10/F37) -> 0.375 | H37: =IF(C37="max",E37/$I$10,$I$10/E37) -> 0.42857143 | I37: =IF(C37="max",F37/$I$10,$I$10/D37) -> 0.75 | J37: =G37*$F$10 -> 0.29166667 | K37: =H37*$G$10 -> 0.33333333 | L37: =I37*$H$10 -> 0.66666667 | M37: =$J$10 -> 0.88888889 | N37: =$K$10 -> 0.25925926 | O37: =SQRT(((J37-M37)^2+(K37-M37)^2+(L37-M37)^2)/3) -> 0.48809121 | P37: =SQRT(((J37-N37)^2+(K37-N37)^2+(L37-N37)^2)/3) -> 0.23980409
A40: Концепция | B40: D + | C40: D − | D40: CC | E40: Место | F40: Название
A41: A1 | B41: =SUM(O14:O19) -> 2.3661643 | C41: =SUM(P14:P19) -> 1.2441777 | D41: =IF(B41+C41=0,NA(),C41/(B41+C41)) -> 0.34461491 | E41: =1+COUNTIF($D$41:$D$44,">"&D41) -> 4 | F41: Ассистент продуктивности и благополучия
A42: A2 | B42: =SUM(O20:O25) -> 1.2047184 | C42: =SUM(P20:P25) -> 2.4617148 | D42: =IF(B42+C42=0,NA(),C42/(B42+C42)) -> 0.67141953 | E42: =1+COUNTIF($D$41:$D$44,">"&D42) -> 1 | F42: Внутренние заявки и сервисные запросы
A43: A3 | B43: =SUM(O26:O31) -> 2.0929376 | C43: =SUM(P26:P31) -> 1.4529577 | D43: =IF(B43+C43=0,NA(),C43/(B43+C43)) -> 0.40975765 | E43: =1+COUNTIF($D$41:$D$44,">"&D43) -> 2 | F43: Обучение и адаптация сотрудников
A44: A4 | B44: =SUM(O32:O37) -> 2.2636478 | C44: =SUM(P32:P37) -> 1.3521267 | D44: =IF(B44+C44=0,NA(),C44/(B44+C44)) -> 0.37395216 | E44: =1+COUNTIF($D$41:$D$44,">"&D44) -> 3 | F44: Графики смен и загрузка персонала

Sheet Ответы
A1: Ответы экспертного опроса TOPSIS
A3: Код | B3: Что оценивали | C3: Направление | D3: Бредихин | E3: Символокова | F3: Недикова
A4: C1 | B4: Важность C1: Актуальность проблемы | C4: Важнее = выше | D4: 9 | E4: 8 | F4: 9
A5: C2 | B5: Важность C2: Продуктивность труда | C5: Важнее = выше | D5: 9 | E5: 8 | F5: 8
A6: C3 | B6: Важность C3: Качество условий труда | C6: Важнее = выше | D6: 7 | E6: 6 | F6: 6
A7: C4 | B7: Важность C4: Экономическая выгода | C7: Важнее = выше | D7: 9 | E7: 8 | F7: 9
A8: C5 | B8: Важность C5: Техническая сложность | C8: Важнее = выше | D8: 7 | E8: 8 | F8: 6
A9: C6 | B9: Важность C6: Ресурсоёмкость разработки | C9: Важнее = выше | D9: 7 | E9: 8 | F9: 7
A10: A1_C1 | B10: A1, C1: Актуальность проблемы | C10: Больше лучше | D10: 6 | E10: 5 | F10: 6
A11: A1_C2 | B11: A1, C2: Продуктивность труда | C11: Больше лучше | D11: 8 | E11: 5 | F11: 6
A12: A1_C3 | B12: A1, C3: Качество условий труда | C12: Больше лучше | D12: 8 | E12: 8 | F12: 7
A13: A1_C4 | B13: A1, C4: Экономическая выгода | C13: Больше лучше | D13: 3 | E13: 5 | F13: 4
A14: A1_C5 | B14: A1, C5: Техническая сложность | C14: Меньше лучше | D14: 4 | E14: 6 | F14: 4
A15: A1_C6 | B15: A1, C6: Ресурсоёмкость разработки | C15: Меньше лучше | D15: 5 | E15: 6 | F15: 5
... A33: A4_C6 | B33: A4, C6: Ресурсоёмкость разработки | C33: Меньше лучше | D33: 4 | E33: 8 | F33: 7
